strategy_a,strategy_b,n_months,mean_L1_target_weight_distance,normalized_L1_distance,mean_holdings_jaccard,holdings_disagreement,transition_jaccard,transition_timing_disagreement,primary_decision_distance,change_rate_a,change_rate_b
AAA,ADM,216,1.673211350479342,0.836605675239671,0.15069444444444444,0.8493055555555555,0.30985915492957744,0.6901408450704225,0.7920173586218829,0.9906976744186047,0.30697674418604654
AAA,BAA_Aggressive,216,1.7991049414031006,0.8995524707015503,0.08304673721340387,0.9169532627865962,0.6244131455399061,0.3755868544600939,0.7306975293160801,0.9906976744186047,0.6186046511627907
AAA,BAA_Balanced,216,1.5624210782758883,0.7812105391379441,0.20475088183421514,0.7952491181657848,0.7242990654205608,0.2757009345794392,0.6173868639610561,0.9906976744186047,0.7255813953488373
AAA,DAA,216,1.5173090394005715,0.7586545197002857,0.23512823339212224,0.7648717666078777,0.8925233644859814,0.10747663551401865,0.543667640607394,0.9906976744186047,0.8930232558139535
AAA,DM,216,1.6131683985030874,0.8065841992515437,0.1826388888888889,0.8173611111111111,0.1784037558685446,0.8215962441314554,0.8151805181647034,0.9906976744186047,0.17674418604651163
AAA,EAA,216,1.3103865890550812,0.6551932945275406,0.239237948265726,0.760762051734274,0.9116279069767442,0.08837209302325577,0.5014424797616902,0.9906976744186047,0.9209302325581395
AAA,FAA,216,1.6666243030056214,0.8333121515028107,0.16415343915343913,0.8358465608465608,0.6837209302325581,0.3162790697674419,0.6618125940389378,0.9906976744186047,0.6930232558139535
AAA,GPM,216,1.4052572690839114,0.7026286345419557,0.19939925044091708,0.8006007495590829,0.7850467289719626,0.2149532710280374,0.572727551709692,0.9906976744186047,0.786046511627907
AAA,GTAA,216,1.513702121529368,0.756851060764684,0.2547949735449735,0.7452050264550265,0.5492957746478874,0.45070422535211263,0.6509201041906078,0.9906976744186047,0.5441860465116279
AAA,KDA,216,1.1209438416844324,0.5604719208422162,0.40202821869488536,0.5979717813051146,0.9158878504672897,0.08411214953271029,0.414185283893347,0.9906976744186047,0.9162790697674419
AAA,LAA,216,1.7040910116543802,0.8520455058271901,0.1257495590828924,0.8742504409171076,0.051643192488262914,0.9483568075117371,0.8915509180853448,0.9906976744186047,0.05116279069767442
AAA,PAA,216,1.209634909450332,0.604817454725166,0.29238315696649025,0.7076168430335097,0.7116279069767442,0.28837209302325584,0.5336021302606438,0.9906976744186047,0.7209302325581395
AAA,QSF,216,1.520908957072601,0.7604544785363005,0.11234567901234567,0.8876543209876543,0.3130841121495327,0.6869158878504673,0.7783415624581407,0.9906976744186047,0.31627906976744186
AAA,RAA,216,1.6745990041353578,0.8372995020676789,0.12341269841269842,0.8765873015873016,0.11737089201877934,0.8826291079812206,0.8655053038787336,0.9906976744186047,0.11627906976744186
AAA,VAA,216,1.6132517119629044,0.8066258559814522,0.1202932098765432,0.8797067901234568,0.6807511737089202,0.31924882629107976,0.6685271574653294,0.9906976744186047,0.6744186046511628
ADM,BAA_Aggressive,216,1.935185185185185,0.9675925925925924,0.032407407407407406,0.9675925925925926,0.2922077922077922,0.7077922077922079,0.8809924643257977,0.30697674418604654,0.6186046511627907
ADM,BAA_Balanced,216,1.8641975308641978,0.9320987654320989,0.06790123456790123,0.9320987654320988,0.2982456140350877,0.7017543859649122,0.8553173056097033,0.30697674418604654,0.7255813953488373
ADM,DAA,216,1.8788580246913578,0.9394290123456789,0.07594797178130512,0.9240520282186949,0.2964824120603015,0.7035175879396984,0.8556662095013574,0.30697674418604654,0.8930232558139535
ADM,DM,216,1.1851851851851851,0.5925925925925926,0.4074074074074074,0.5925925925925926,0.16853932584269662,0.8314606741573034,0.6722152864474961,0.30697674418604654,0.17674418604651163
ADM,EAA,216,1.907830317506645,0.9539151587533224,0.09243827160493828,0.9075617283950617,0.32,0.6799999999999999,0.8471589623827948,0.30697674418604654,0.9209302325581395
ADM,FAA,216,1.8580246913580243,0.9290123456790121,0.07253086419753087,0.9274691358024691,0.2647058823529412,0.7352941176470589,0.8639251997095134,0.30697674418604654,0.6930232558139535
ADM,GPM,216,1.9876543209876543,0.9938271604938271,0.008487654320987654,0.9915123456790124,0.29120879120879123,0.7087912087912087,0.8980435716546827,0.30697674418604654,0.786046511627907
ADM,GTAA,216,1.8111111111111113,0.9055555555555557,0.10339506172839506,0.8966049382716049,0.2887323943661972,0.7112676056338028,0.8378093664869878,0.30697674418604654,0.5441860465116279
ADM,KDA,216,1.730842566430782,0.865421283215391,0.12600308641975308,0.8739969135802469,0.30198019801980197,0.698019801980198,0.8124793329252786,0.30697674418604654,0.9162790697674419
ADM,LAA,216,2.0,1.0,0.0,1.0,0.08450704225352113,0.9154929577464789,0.971830985915493,0.30697674418604654,0.05116279069767442
ADM,PAA,216,1.90869341563786,0.95434670781893,0.06349206349206347,0.9365079365079365,0.2556818181818182,0.7443181818181819,0.8783909420483494,0.30697674418604654,0.7209302325581395
ADM,QSF,216,1.962962962962963,0.9814814814814815,0.018518518518518517,0.9814814814814815,0.13559322033898305,0.864406779661017,0.94245658087466,0.30697674418604654,0.31627906976744186
ADM,RAA,216,1.8953703703703704,0.9476851851851852,0.05231481481481482,0.9476851851851852,0.10975609756097561,0.8902439024390244,0.928538090936465,0.30697674418604654,0.11627906976744186
ADM,VAA,216,1.7314814814814814,0.8657407407407407,0.13425925925925927,0.8657407407407407,0.3105590062111801,0.68944099378882,0.8069741584234338,0.30697674418604654,0.6744186046511628
BAA_Aggressive,BAA_Balanced,216,0.7947530864197537,0.39737654320987686,0.6026234567901235,0.3973765432098765,0.7409638554216867,0.25903614457831325,0.3512630769993555,0.6186046511627907,0.7255813953488373
BAA_Aggressive,DAA,216,1.7006172839506168,0.8503086419753084,0.12549603174603174,0.8745039682539683,0.6169154228855721,0.3830845771144279,0.7026323957812348,0.6186046511627907,0.8930232558139535
BAA_Aggressive,DM,216,1.944444444444444,0.972222222222222,0.027777777777777776,0.9722222222222222,0.17123287671232876,0.8287671232876712,0.9244038559107052,0.6186046511627907,0.17674418604651163
BAA_Aggressive,EAA,216,1.583537163249673,0.7917685816248365,0.15169753086419752,0.8483024691358025,0.6146341463414634,0.3853658536585366,0.6751456348063919,0.6186046511627907,0.9209302325581395
BAA_Aggressive,FAA,216,1.7870370370370363,0.8935185185185182,0.08888888888888889,0.9111111111111111,0.47643979057591623,0.5235602094240838,0.7760632796845709,0.6186046511627907,0.6930232558139535
BAA_Aggressive,GPM,216,1.413065843621399,0.7065329218106995,0.264429012345679,0.735570987654321,0.6063829787234043,0.3936170212765957,0.6119069769138721,0.6186046511627907,0.786046511627907
BAA_Aggressive,GTAA,216,1.801851851851851,0.9009259259259255,0.09663800705467371,0.9033619929453263,0.5337423312883436,0.4662576687116564,0.7568485291943027,0.6186046511627907,0.5441860465116279
BAA_Aggressive,KDA,216,1.8282048822704742,0.9141024411352371,0.07399691358024692,0.926003086419753,0.6019417475728155,0.3980582524271845,0.7460545933273917,0.6186046511627907,0.9162790697674419
BAA_Aggressive,LAA,216,1.7407407407407407,0.8703703703703703,0.11026234567901234,0.8897376543209876,0.058823529411764705,0.9411764705882353,0.9004281650931979,0.6186046511627907,0.05116279069767442
BAA_Aggressive,PAA,216,1.7204218106995883,0.8602109053497942,0.1428203997648442,0.8571796002351558,0.5319148936170213,0.46808510638297873,0.7284918706559762,0.6186046511627907,0.7209302325581395
BAA_Aggressive,QSF,216,1.6512345679012344,0.8256172839506172,0.17515432098765432,0.8248456790123457,0.22560975609756098,0.774390243902439,0.8082844022884673,0.6186046511627907,0.31627906976744186
BAA_Aggressive,RAA,216,1.6827160493827156,0.8413580246913578,0.14477513227513228,0.8552248677248677,0.17037037037037037,0.8296296296296296,0.8420708406819517,0.6186046511627907,0.11627906976744186
BAA_Aggressive,VAA,216,1.6574074074074074,0.8287037037037037,0.1720679012345679,0.8279320987654322,0.5617977528089888,0.4382022471910112,0.6982793498867158,0.6186046511627907,0.6744186046511628
BAA_Balanced,DAA,216,1.1203703703703711,0.5601851851851856,0.3660457084068195,0.6339542915931805,0.7313432835820896,0.26865671641791045,0.48759873106542545,0.7255813953488373,0.8930232558139535
BAA_Balanced,DM,216,1.888888888888889,0.9444444444444445,0.05555555555555555,0.9444444444444444,0.1686746987951807,0.8313253012048193,0.9067380633645694,0.7255813953488373,0.17674418604651163
BAA_Balanced,EAA,216,1.5360957128743353,0.7680478564371677,0.21102843915343913,0.7889715608465608,0.7268292682926829,0.2731707317073171,0.6100633829970151,0.7255813953488373,0.9209302325581395
BAA_Balanced,FAA,216,1.6929012345679009,0.8464506172839504,0.11771384479717814,0.8822861552028218,0.5803108808290155,0.4196891191709845,0.716141963885919,0.7255813953488373,0.6930232558139535
BAA_Balanced,GPM,216,1.1831275720164611,0.5915637860082306,0.3570216049382716,0.6429783950617284,0.6666666666666666,0.33333333333333337,0.5226251714677641,0.7255813953488373,0.786046511627907
BAA_Balanced,GTAA,216,1.6070987654320987,0.8035493827160494,0.1564759700176367,0.8435240299823633,0.56,0.43999999999999995,0.6956911375661375,0.7255813953488373,0.5441860465116279
BAA_Balanced,KDA,216,1.571661231517575,0.7858306157587875,0.2045083774250441,0.7954916225749559,0.7219512195121951,0.2780487804878049,0.6197903396071828,0.7255813953488373,0.9162790697674419
BAA_Balanced,LAA,216,1.6658950617283952,0.8329475308641976,0.1172067901234568,0.8827932098765432,0.06369426751592357,0.9363057324840764,0.884015491074939,0.7255813953488373,0.05116279069767442
BAA_Balanced,PAA,216,1.2062757201646097,0.6031378600823049,0.4343033509700176,0.5656966490299824,0.6542553191489362,0.3457446808510638,0.5048597299877837,0.7255813953488373,0.7209302325581395
BAA_Balanced,QSF,216,1.807098765432099,0.9035493827160495,0.09722222222222222,0.9027777777777778,0.28,0.72,0.8421090534979424,0.7255813953488373,0.31627906976744186
BAA_Balanced,RAA,216,1.5364197530864199,0.7682098765432099,0.17521494708994712,0.8247850529100529,0.14556962025316456,0.8544303797468354,0.8158084364000328,0.7255813953488373,0.11627906976744186
BAA_Balanced,VAA,216,1.7608024691358029,0.8804012345679014,0.12037037037037036,0.8796296296296297,0.6096256684491979,0.39037433155080214,0.7168017319161111,0.7255813953488373,0.6744186046511628
DAA,DM,216,1.8842592592592586,0.9421296296296293,0.06878306878306877,0.9312169312169313,0.1794871794871795,0.8205128205128205,0.8979531271197937,0.8930232558139535,0.17674418604651163
DAA,EAA,216,1.4482408153223079,0.7241204076611539,0.27060201886590773,0.7293979811340923,0.8660287081339713,0.13397129186602874,0.5291632268870916,0.8930232558139535,0.9209302325581395
DAA,FAA,216,1.5493827160493818,0.7746913580246909,0.1953905790711346,0.8046094209288654,0.6634146341463415,0.3365853658536585,0.6386287149357383,0.8930232558139535,0.6930232558139535
DAA,GPM,216,1.471707818930041,0.7358539094650205,0.22637051734273952,0.7736294826572605,0.7960199004975125,0.20398009950248752,0.5711544972082562,0.8930232558139535,0.786046511627907
DAA,GTAA,216,1.6180555555555554,0.8090277777777777,0.15632599139543585,0.8436740086045642,0.5221674876847291,0.4778325123152709,0.710178099565871,0.8930232558139535,0.5441860465116279
DAA,KDA,216,1.4739984871481224,0.7369992435740612,0.2650995737801293,0.7349004262198706,0.9353233830845771,0.06467661691542292,0.512192095569785,0.8930232558139535,0.9162790697674419
DAA,LAA,216,1.6435185185185186,0.8217592592592593,0.13854166666666667,0.8614583333333333,0.05181347150259067,0.9481865284974094,0.8771347070300006,0.8930232558139535,0.05116279069767442
DAA,PAA,216,1.1386316872427982,0.5693158436213991,0.4488982082732083,0.5511017917267917,0.7009803921568627,0.2990196078431373,0.47314574773044266,0.8930232558139535,0.7209302325581395
DAA,QSF,216,1.774691358024691,0.8873456790123455,0.06657848324514991,0.9334215167548501,0.32653061224489793,0.6734693877551021,0.8314121945074326,0.8930232558139535,0.31627906976744186
DAA,RAA,216,1.5984567901234568,0.7992283950617284,0.15131406659184438,0.8486859334081556,0.12435233160621761,0.8756476683937824,0.8411873322878888,0.8930232558139535,0.11627906976744186
DAA,VAA,216,1.227623456790123,0.6138117283950615,0.26962081128747795,0.730379188712522,0.7193877551020408,0.2806122448979592,0.5416010540018475,0.8930232558139535,0.6744186046511628
DM,EAA,216,1.8709614906142884,0.9354807453071442,0.1132716049382716,0.8867283950617284,0.18592964824120603,0.8140703517587939,0.8787598307092223,0.17674418604651163,0.9209302325581395
DM,FAA,216,1.7962962962962958,0.8981481481481479,0.1111111111111111,0.8888888888888888,0.16149068322981366,0.8385093167701864,0.875182117935741,0.17674418604651163,0.6930232558139535
DM,GPM,216,1.993312757201646,0.996656378600823,0.003472222222222222,0.9965277777777778,0.1896551724137931,0.8103448275862069,0.9345096613216025,0.17674418604651163,0.786046511627907
DM,GTAA,216,1.7740740740740744,0.8870370370370372,0.12662037037037038,0.8733796296296297,0.14814814814814814,0.8518518518518519,0.8707561728395063,0.17674418604651163,0.5441860465116279
DM,KDA,216,1.69098976068632,0.84549488034316,0.13896604938271603,0.8610339506172839,0.175,0.825,0.8438429436534814,0.17674418604651163,0.9162790697674419
DM,LAA,216,2.0,1.0,0.0,1.0,0.06521739130434782,0.9347826086956522,0.9782608695652174,0.17674418604651163,0.05116279069767442
DM,PAA,216,1.9040637860082301,0.9520318930041151,0.06988536155202821,0.9301146384479718,0.14201183431952663,0.8579881656804733,0.91337823237752,0.17674418604651163,0.7209302325581395
DM,QSF,216,1.9814814814814814,0.9907407407407407,0.009259259259259259,0.9907407407407407,0.17777777777777778,0.8222222222222222,0.9345679012345679,0.17674418604651163,0.31627906976744186
DM,RAA,216,2.0,1.0,0.0,1.0,0.05,0.95,0.9833333333333334,0.17674418604651163,0.11627906976744186
DM,VAA,216,1.6944444444444444,0.8472222222222222,0.1527777777777778,0.8472222222222222,0.18064516129032257,0.8193548387096774,0.8379330943847073,0.17674418604651163,0.6744186046511628
EAA,FAA,216,1.7892957921412629,0.8946478960706314,0.09145723104056437,0.9085427689594356,0.6763285024154589,0.32367149758454106,0.7089540542048693,0.9209302325581395,0.6930232558139535
EAA,GPM,216,1.3782029906159923,0.6891014953079961,0.2101245590828924,0.7898754409171076,0.8535353535353535,0.14646464646464652,0.5418138608965833,0.9209302325581395,0.786046511627907
EAA,GTAA,216,1.615136297673432,0.807568148836716,0.22731848912404468,0.7726815108759553,0.5517241379310345,0.4482758620689655,0.6761751739272123,0.9209302325581395,0.5441860465116279
EAA,KDA,216,1.4708921419968763,0.7354460709984382,0.20219539976484419,0.7978046002351558,0.8899521531100478,0.11004784688995217,0.5477661727078487,0.9209302325581395,0.9162790697674419
EAA,LAA,216,1.3789679593620547,0.6894839796810274,0.25182429453262783,0.7481757054673721,0.05555555555555555,0.9444444444444444,0.7940347098642814,0.9209302325581395,0.05116279069767442
EAA,PAA,216,0.9551016303435387,0.47755081517176934,0.4650793650793651,0.5349206349206349,0.7828282828282829,0.21717171717171713,0.4098810557547072,0.9209302325581395,0.7209302325581395
EAA,QSF,216,1.2226638241305776,0.6113319120652888,0.28001543209876545,0.7199845679012346,0.3434343434343434,0.6565656565656566,0.66262737884406,0.9209302325581395,0.31627906976744186
EAA,RAA,216,1.46329347321111,0.731646736605555,0.22423758083480305,0.775762419165197,0.12060301507537688,0.8793969849246231,0.7956020468984583,0.9209302325581395,0.11627906976744186
EAA,VAA,216,1.6263233274444957,0.8131616637222479,0.16304012345679014,0.8369598765432098,0.6650485436893204,0.3349514563106796,0.6616909988587124,0.9209302325581395,0.6744186046511628
FAA,GPM,216,1.8204732510288058,0.9102366255144029,0.07160493827160493,0.928395061728395,0.582089552238806,0.417910447761194,0.7521807116679974,0.6930232558139535,0.786046511627907
FAA,GTAA,216,1.5166666666666657,0.7583333333333329,0.21286375661375662,0.7871362433862434,0.453551912568306,0.5464480874316939,0.6973058880504235,0.6930232558139535,0.5441860465116279
FAA,KDA,216,1.7498004601012889,0.8749002300506444,0.13023589065255733,0.8697641093474426,0.6714975845410628,0.3285024154589372,0.6910555849523415,0.6930232558139535,0.9162790697674419
FAA,LAA,216,1.9629629629629624,0.9814814814814812,0.014660493827160493,0.9853395061728395,0.05263157894736842,0.9473684210526316,0.9713964695689841,0.6930232558139535,0.05116279069767442
FAA,PAA,216,1.7980967078189292,0.8990483539094646,0.10871362433862436,0.8912863756613756,0.5670103092783505,0.4329896907216495,0.7411081400974965,0.6930232558139535,0.7209302325581395
FAA,QSF,216,1.9537037037037035,0.9768518518518517,0.023148148148148147,0.9768518518518519,0.3151515151515151,0.6848484848484848,0.8795173961840629,0.6930232558139535,0.31627906976744186
FAA,RAA,216,1.9999999999999996,0.9999999999999998,0.0,1.0,0.09433962264150944,0.9056603773584906,0.9685534591194968,0.6930232558139535,0.11627906976744186
FAA,VAA,216,1.6419753086419748,0.8209876543209874,0.16975308641975306,0.8302469135802469,0.5392670157068062,0.46073298429319376,0.7039891840648093,0.6930232558139535,0.6744186046511628
GPM,GTAA,216,1.6796296296296296,0.8398148148148148,0.15669091710758373,0.8433090828924162,0.5132275132275133,0.48677248677248675,0.7232987948265727,0.786046511627907,0.5441860465116279
GPM,KDA,216,1.4440711691044408,0.7220355845522204,0.2150077160493827,0.7849922839506173,0.8029556650246306,0.19704433497536944,0.568024067826069,0.786046511627907,0.9162790697674419
GPM,LAA,216,1.474022633744856,0.737011316872428,0.20899470899470898,0.791005291005291,0.046511627906976744,0.9534883720930233,0.8271683266569142,0.786046511627907,0.05116279069767442
GPM,PAA,216,1.163065843621399,0.5815329218106995,0.3854258524397413,0.6145741475602586,0.7513513513513513,0.24864864864864866,0.4815852393398689,0.786046511627907,0.7209302325581395
GPM,QSF,216,1.5102880658436215,0.7551440329218108,0.20833333333333334,0.7916666666666666,0.33146067415730335,0.6685393258426966,0.738450008477058,0.786046511627907,0.31627906976744186
GPM,RAA,216,1.4449588477366253,0.7224794238683127,0.24345789241622576,0.7565421075837743,0.12790697674418605,0.872093023255814,0.7837048515693003,0.786046511627907,0.11627906976744186
GPM,VAA,216,1.7319958847736625,0.8659979423868313,0.11998456790123456,0.8800154320987654,0.6185567010309279,0.38144329896907214,0.7091522244848897,0.786046511627907,0.6744186046511628
GTAA,KDA,216,1.354602365056967,0.6773011825284835,0.30974059376837154,0.6902594062316285,0.5096153846153846,0.4903846153846154,0.6193150680482424,0.5441860465116279,0.9162790697674419
GTAA,LAA,216,1.7333333333333334,0.8666666666666667,0.09339175485008816,0.9066082451499118,0.0847457627118644,0.9152542372881356,0.8961763830349048,0.5441860465116279,0.05116279069767442
GTAA,PAA,216,1.5252057613168726,0.7626028806584363,0.24175434904601575,0.7582456509539842,0.4782608695652174,0.5217391304347826,0.6808625540157344,0.5441860465116279,0.7209302325581395
GTAA,QSF,216,1.7962962962962963,0.8981481481481481,0.13680555555555554,0.8631944444444445,0.2012987012987013,0.7987012987012987,0.8533479637646305,0.5441860465116279,0.31627906976744186
GTAA,RAA,216,1.7333333333333332,0.8666666666666666,0.0901601998824221,0.9098398001175779,0.14516129032258066,0.8548387096774194,0.8771150588205546,0.5441860465116279,0.11627906976744186
GTAA,VAA,216,1.8333333333333333,0.9166666666666666,0.10617283950617283,0.8938271604938272,0.49714285714285716,0.5028571428571429,0.7711169900058789,0.5441860465116279,0.6744186046511628
KDA,LAA,216,1.764925635786625,0.8824628178933125,0.10489969135802468,0.8951003086419753,0.050505050505050504,0.9494949494949495,0.9090193586767458,0.9162790697674419,0.05116279069767442
KDA,PAA,216,1.368490584025429,0.6842452920127144,0.26516019988242207,0.734839800117578,0.7339901477832512,0.2660098522167488,0.5616983147823471,0.9162790697674419,0.7209302325581395
KDA,QSF,216,1.571841290585798,0.785920645292899,0.1267746913580247,0.8732253086419753,0.3383838383838384,0.6616161616161615,0.7735873718503452,0.9162790697674419,0.31627906976744186
KDA,RAA,216,1.7378604901720494,0.8689302450860247,0.1029670047031158,0.8970329952968842,0.12121212121212122,0.8787878787878788,0.8815837063902626,0.9162790697674419,0.11627906976744186
KDA,VAA,216,1.575308220261903,0.7876541101309515,0.14467592592592593,0.8553240740740741,0.71,0.29000000000000004,0.6443260614016753,0.9162790697674419,0.6744186046511628
LAA,PAA,216,1.3770576131687244,0.6885288065843622,0.2505787037037037,0.7494212962962963,0.031055900621118012,0.968944099378882,0.8022980674198469,0.05116279069767442,0.7209302325581395
LAA,QSF,216,1.5810185185185186,0.7905092592592593,0.20949074074074073,0.7905092592592593,0.01282051282051282,0.9871794871794872,0.8560660018993352,0.05116279069767442,0.31627906976744186
LAA,RAA,216,0.8972222222222223,0.4486111111111111,0.45694444444444443,0.5430555555555556,0.16129032258064516,0.8387096774193549,0.6101254480286739,0.05116279069767442,0.11627906976744186
LAA,VAA,216,1.9050925925925926,0.9525462962962963,0.047453703703703706,0.9525462962962963,0.0684931506849315,0.9315068493150684,0.9455331473025538,0.05116279069767442,0.6744186046511628
PAA,QSF,216,1.096707818930041,0.5483539094650205,0.3346560846560847,0.6653439153439153,0.3515151515151515,0.6484848484848484,0.6207275577645948,0.7209302325581395,0.31627906976744186
PAA,RAA,216,1.3689300411522634,0.6844650205761317,0.256838557533002,0.743161442466998,0.13924050632911392,0.8607594936708861,0.762795318904672,0.7209302325581395,0.11627906976744186
PAA,VAA,216,1.6412037037037037,0.8206018518518519,0.15476190476190474,0.8452380952380952,0.5789473684210527,0.42105263157894735,0.6956308595562981,0.7209302325581395,0.6744186046511628
QSF,RAA,216,1.5907407407407408,0.7953703703703704,0.20462962962962963,0.7953703703703704,0.056818181818181816,0.9431818181818182,0.8446408529741863,0.31627906976744186,0.11627906976744186
QSF,VAA,216,1.5,0.75,0.25,0.75,0.29878048780487804,0.7012195121951219,0.733739837398374,0.31627906976744186,0.6744186046511628
RAA,VAA,216,1.916666666666667,0.9583333333333335,0.041666666666666664,0.9583333333333334,0.1643835616438356,0.8356164383561644,0.9174277016742772,0.11627906976744186,0.6744186046511628
