sleeve,comparison,engineering_lever,semantic_mean_L1,semantic_identical_weight_rate,semantic_holdings_jaccard,semantic_transition_jaccard,effective_n_from,effective_n_to,verdict,interpretation
HAA,HAA_universe_effect_parent_rule,universe,0.5625,0.2916666666666667,0.615376984126984,0.6918238993710691,3.092283950617284,3.1774691358024687,MATERIAL,Wider universe changes holdings and transition behavior even with the parent rule held fixed.
HAA,HAA_rule_effect_ADAA_universe,rule/selection,0.4984567901234569,0.2638888888888889,0.7507716049382714,0.6851851851851852,3.1774691358024687,4.68055555555556,MATERIAL,Top-N/replacement changes remain material after the universe is fixed to the ADAA expression.
BAA Aggressive,BAA_Agg_proxy_expression,investable expression,0.2746913580246913,0.8518518518518519,0.8603395061728394,0.8137931034482758,1.8000000000000025,1.82777777777778,ROLE-PRESERVING / NON-NEUTRAL,"The rule architecture largely survives, but ETF expression changes some regime decisions."
BAA Aggressive,BAA_Agg_current_vs_parent_rule_proxy,residual rule drift,4.2866944561915767e-16,1.0,1.0,1.0,1.82777777777778,1.8277777777777775,NONE,Current sleeve matches the parent rule exactly once expressed through the ADAA proxy set.
ADM,ADM_parent_to_ADAA,rule + universe,2.0,0.0,0.0,0.3138297872340425,1.0,5.415776353276357,MAJOR REDESIGN,A mechanically clean 2x2 is not meaningful; the narrow parent and broad Top-6 ADAA architecture are different designs.
FAA,FAA_universe_effect_parent_rule,universe,1.3364197530864186,0.0462962962962962,0.2418981481481481,0.6855670103092784,2.712962962962968,2.8462962962963023,MATERIAL,Universe expansion materially changes decisions even before the ADAA rule changes are applied.
FAA,FAA_rule_effect_ADAA_universe,rule/selection,1.2487213403880062,0.0046296296296296,0.3547637419165197,0.7584541062801933,2.8462962962963023,5.330003360232121,MATERIAL,Signal and Top-N changes materially alter the already-expanded universe implementation.
LAA,LAA_equity_expression_parent_rule,persistent equity expression,0.5,0.0,0.4285714285714285,1.0,4.0,4.519774011299434,ROLE-PRESERVING,Holdings change while the transition clock is exactly preserved under the parent timing rule.
LAA,LAA_timing_effect_ADAA_equity,timing/information policy,0.0069444444444444,0.9861111111111112,0.9960317460317462,0.5,4.519774011299434,4.519774011299434,SMALL,Timing-policy drift changes very few monthly target states; the persistent role remains intact.
